Date,Region,Hospitalized,ICU,Positive at home,Positive currently,Cured,Dead,Postive total,Tested,Source
2020-03-08,Lombardia,2217,399,756,3372,550,267,4189,18534,
2020-03-08,Emilia Romagna,542,75,480,1097,27,56,1180,4344,
2020-03-08,Veneto,146,47,430,623,29,18,670,15918,
2020-03-08,Piemonte,245,45,65,355,,5,360,1636,
2020-03-08,Marche,110,41,114,265,,7,272,1025,
2020-03-08,Toscana,91,7,67,165,1,,166,1618,
2020-03-08,Lazio,47,8,26,81,3,3,87,1929,
2020-03-08,Campania,30,7,63,100,1,,101,980,
2020-03-08,Liguria,39,11,17,67,5,6,78,401,
2020-03-08,Friuli V.G.,7,1,45,53,3,1,57,997,
2020-03-08,Sicilia,18,,33,51,2,,53,791,
2020-03-08,Puglia,17,3,16,36,1,3,40,627,
2020-03-08,Umbria,2,2,22,26,,,26,168,
2020-03-08,Molise,4,2,8,14,,,14,116,
2020-03-08,Trento,7,2,14,23,,,23,228,
2020-03-08,Abruzzo,14,,3,17,,,17,163,
2020-03-08,Bolzano,8,,1,9,,,9,36,
2020-03-08,Valle d'Aosta,1,,8,9,,,9,41,
2020-03-08,Sardegna,5,,6,11,,,11,149,
2020-03-08,Calabria,5,,4,9,,,9,113,
2020-03-08,Basilicata,2,,2,4,,,4,123,
2020-03-08,ITALY,3557,650,2180,6387,622,366,7375,49937,http://www.salute.gov.it/imgs/C_17_pagineAree_5351_0_file.pdf
2020-03-09,Lombardia,2802,440,1248,4490,646,333,5469,20135,
2020-03-09,Emilia Romagna,576,90,620,1286,30,70,1386,4906,
2020-03-09,Veneto,186,51,457,694,30,20,744,15956,
2020-03-09,Piemonte,222,50,65,337,,13,350,1681,
2020-03-09,Marche,136,47,130,313,,10,323,1250,
2020-03-09,Toscana,107,9,90,206,1,1,208,2018,
2020-03-09,Lazio,55,8,31,94,3,5,102,1929,
2020-03-09,Campania,42,8,69,119,1,,120,980,
2020-03-09,Liguria,60,17,20,97,5,7,109,611,
2020-03-09,Friuli V.G.,18,1,70,89,3,1,93,1344,
2020-03-09,Sicilia,19,,33,52,2,,54,836,
2020-03-09,Puglia,20,6,20,46,1,3,50,685,
2020-03-09,Trento,10,2,21,33,,,33,267,
2020-03-09,Abruzzo,25,,5,30,,,30,237,
2020-03-09,Umbria,4,2,22,28,,,28,183,
2020-03-09,Molise,4,2,8,14,,,14,212,
2020-03-09,Sardegna,8,,11,19,,,19,185,
2020-03-09,Valle d'Aosta,4,,11,15,,,15,67,
2020-03-09,Calabria,8,,1,9,2,,11,173,
2020-03-09,Bolzano,8,,1,9,,,9,36,
2020-03-09,Basilicata,2,,3,5,,,5,135,
2020-03-09,ITALY,4316,733,2936,7985,724,463,9172,53826,http://www.salute.gov.it/imgs/C_17_pagineAree_5351_2_file.pdf
2020-03-10,Lombardia,3319,466,642,4427,896,468,5791,21479,
2020-03-10,Emilia Romagna,669,98,650,1417,31,85,1533,5494,
2020-03-10,Veneto,204,67,512,783,47,26,856,16643,
2020-03-10,Piemonte,306,66,64,436,,17,453,2374,
2020-03-10,Marche,152,54,175,381,,13,394,1437,
2020-03-10,Toscana,91,40,129,260,3,1,264,2573,
2020-03-10,Lazio,50,15,34,99,11,6,116,3591,
2020-03-10,Campania,33,8,85,126,1,,127,1141,
2020-03-10,Liguria,57,29,42,128,5,8,141,694,
2020-03-10,Friuli V.G.,27,6,77,110,3,3,116,1602,
2020-03-10,Sicilia,17,2,41,60,2,,62,955,
2020-03-10,Puglia,28,6,21,55,1,3,59,747,
2020-03-10,Trento,19,3,28,50,2,,52,399,
2020-03-10,Abruzzo,17,9,11,37,,1,38,310,
2020-03-10,Umbria,8,2,27,37,,,37,260,
2020-03-10,Molise,3,3,9,15,,,15,225,
2020-03-10,Sardegna,9,,11,20,,,20,204,
2020-03-10,Valle d'Aosta,2,,15,17,,,17,89,
2020-03-10,Calabria,8,2,1,11,2,,13,360,
2020-03-10,Bolzano,17,1,20,38,,,38,36,
2020-03-10,Basilicata,2,,5,7,,,7,148,
2020-03-10,ITALY,5038,877,2599,8514,1004,631,10149,60761,http://www.salute.gov.it/imgs/C_17_pagineAree_5351_4_file.pdf
2020-03-11,Lombardia,3852,560,1351,5763,900,617,7280,25629,
2020-03-11,Emilia Romagna,745,104,739,1588,38,113,1739,6640,
2020-03-11,Veneto,262,68,610,940,54,29,1023,21400,
2020-03-11,Piemonte,319,75,86,480,,21,501,2431,
2020-03-11,Marche,212,66,183,461,,18,479,1656,
2020-03-11,Toscana,87,54,173,314,5,1,320,2804,
2020-03-11,Liguria,74,34,73,181,5,8,194,1025,
2020-03-11,Campania,56,11,82,149,4,1,154,1375,
2020-03-11,Lazio,67,18,40,125,19,6,150,3591,
2020-03-11,Friuli V.G.,16,5,89,110,10,6,126,2073,
2020-03-11,Puglia,38,4,29,71,1,5,77,909,
2020-03-11,Trento,28,4,42,74,3,,77,527,
2020-03-11,Bolzano,8,4,63,75,,,75,75,
2020-03-11,Sicilia,23,1,57,81,2,,83,1194,
2020-03-11,Umbria,7,5,32,44,2,,46,340,
2020-03-11,Abruzzo,17,9,11,37,,1,38,310,
2020-03-11,Sardegna,10,,27,37,,,37,283,
2020-03-11,Valle d'Aosta,2,,17,19,,1,20,99,
2020-03-11,Calabria,10,2,5,17,2,,19,405,
2020-03-11,Molise,4,3,9,16,,,16,233,
2020-03-11,Basilicata,1,1,6,8,,,8,155,
2020-03-11,ITALY,5838,1028,3724,10590,1045,827,12462,73154,http://www.salute.gov.it/imgs/C_17_pagineAree_5351_6_file.pdf
2020-03-12,Lombardia,4247,605,2044,6896,1085,744,8725,29534,
2020-03-12,Emilia Romagna,814,112,832,1758,43,146,1947,7600,
2020-03-12,Veneto,360,85,852,1297,55,32,1384,23438,
2020-03-12,Piemonte,368,97,89,554,,26,580,2879,
2020-03-12,Marche,254,76,240,570,,22,592,1907,
2020-03-12,Toscana,100,59,193,352,7,5,364,3165,
2020-03-12,Liguria,100,36,107,243,20,11,274,1174,
2020-03-12,Campania,56,11,107,174,4,1,179,1551,
2020-03-12,Lazio,85,20,67,172,19,9,200,5592,
2020-03-12,Friuli V.G.,23,10,115,148,11,8,167,2604,
2020-03-12,Puglia,58,2,38,98,1,5,104,1269,
2020-03-12,Trento,43,5,54,102,4,1,107,593,
2020-03-12,Bolzano,21,4,78,103,,1,104,607,
2020-03-12,Sicilia,28,5,78,111,2,2,115,1477,
2020-03-12,Umbria,8,8,46,62,2,,64,458,
2020-03-12,Abruzzo,47,12,19,78,4,2,84,867,
2020-03-12,Sardegna,12,,27,39,,,39,302,
2020-03-12,Valle d'Aosta,7,,19,26,,1,27,118,
2020-03-12,Calabria,14,2,16,32,1,,33,483,
2020-03-12,Molise,4,3,9,16,,,16,238,
2020-03-12,Basilicata,1,1,6,8,,,8,155,
2020-03-12,ITALY,6650,1153,5036,12839,1258,1016,15113,86011,http://www.salute.gov.it/imgs/C_17_pagineAree_5351_8_file.pdf
2020-03-13,Lombardia,4435,650,2647,7732,1198,890,9820,32700,
2020-03-13,Emilia Romagna,942,128,941,2011,51,201,2263,8787,
2020-03-13,Veneto,366,107,980,1453,100,42,1595,25691,
2020-03-13,Piemonte,556,135,103,794,,46,840,3105,
2020-03-13,Marche,337,85,276,698,,27,725,2218,
2020-03-13,Toscana,134,77,244,455,10,5,470,4049,
2020-03-13,Liguria,128,44,132,304,24,17,345,1442,
2020-03-13,Lazio,122,24,96,242,24,11,277,6491,
2020-03-13,Friuli V.G.,59,8,169,236,11,10,257,3149,
2020-03-13,Campania,60,19,134,213,5,2,220,1671,
2020-03-13,Puglia,77,2,42,121,3,5,129,1449,
2020-03-13,Bolzano,20,5,98,123,,2,125,811,
2020-03-13,Sicilia,37,7,82,126,2,2,130,1950,
2020-03-13,Trento,58,6,93,157,4,2,163,846,
2020-03-13,Abruzzo,42,14,27,83,4,2,89,958,
2020-03-13,Umbria,11,10,52,73,2,1,76,576,
2020-03-13,Sardegna,12,,31,43,,,43,504,
2020-03-13,Calabria,18,3,16,37,1,,38,504,
2020-03-13,Valle d'Aosta,6,,21,27,,1,28,189,
2020-03-13,Molise,5,3,9,17,,,17,243,
2020-03-13,Basilicata,1,1,8,10,,,10,155,
2020-03-13,ITALY,7426,1328,6201,14955,1439,1266,17660,97488,http://www.salute.gov.it/imgs/C_17_pagineAree_5351_10_file.pdf
2020-03-14,Lombardia,4898,732,3429,9059,1660,966,11685,37138,
2020-03-14,Emilia Romagna,1076,152,1121,2349,54,241,2644,10043,
2020-03-14,Veneto,366,119,1290,1775,107,55,1937,26980,
2020-03-14,Marche,449,93,321,863,,36,899,2561,
2020-03-14,Piemonte,538,150,126,814,,59,873,3680,
2020-03-14,Toscana,160,87,367,614,10,6,630,4595,
2020-03-14,Liguria,213,62,109,384,52,27,463,1750,
2020-03-14,Lazio,181,25,114,320,24,13,357,7335,
2020-03-14,Campania,72,17,154,243,23,6,272,1936,
2020-03-14,Friuli V.G.,67,11,193,271,17,13,301,3376,
2020-03-14,Trento,68,12,119,199,5,2,206,1006,
2020-03-14,Bolzano,26,7,137,170,,3,173,1135,
2020-03-14,Puglia,91,6,59,156,2,8,166,1681,
2020-03-14,Sicilia,42,11,97,150,4,2,156,2100,
2020-03-14,Umbria,21,11,71,103,3,1,107,748,
2020-03-14,Abruzzo,51,14,41,106,4,2,112,1232,
2020-03-14,Calabria,22,4,33,59,1,,60,711,
2020-03-14,Sardegna,14,,33,47,,,47,530,
2020-03-14,Valle d'Aosta,12,,29,41,,1,42,231,
2020-03-14,Molise,5,3,9,17,,,17,247,
2020-03-14,Basilicata,,2,8,10,,,10,155,
2020-03-14,ITALY,8372,1518,7860,17750,1966,1441,21157,109170,http://www.salute.gov.it/imgs/C_17_pagineAree_5351_12_file.pdf
2020-03-15,Lombardia,5500,767,3776,10043,2011,1218,13272,40369,
2020-03-15,Emilia Romagna,1215,169,1357,2741,68,284,3093,12054,
2020-03-15,Veneto,426,129,1434,1989,120,63,2172,32546,
2020-03-15,Marche,521,98,468,1087,,46,1133,2946,
2020-03-15,Piemonte,726,171,133,1030,,81,1111,4375,
2020-03-15,Toscana,175,107,481,763,10,8,781,5132,
2020-03-15,Liguria,253,66,174,493,33,33,559,1973,
2020-03-15,Lazio,223,31,142,396,24,16,436,8345,
2020-03-15,Campania,73,22,201,296,28,9,333,2213,
2020-03-15,Friuli V.G.,98,12,206,316,17,14,347,3407,
2020-03-15,Trento,73,19,275,367,5,6,378,1006,
2020-03-15,Bolzano,50,4,145,199,,5,204,1497,
2020-03-15,Puglia,116,6,90,212,2,16,230,2017,
2020-03-15,Sicilia,56,15,108,179,7,2,188,2452,
2020-03-15,Umbria,25,13,101,139,3,1,143,965,
2020-03-15,Abruzzo,72,28,28,128,6,3,137,1419,
2020-03-15,Calabria,32,6,28,66,1,1,68,884,
2020-03-15,Sardegna,16,,59,75,,2,77,613,
2020-03-15,Valle d'Aosta,10,3,43,56,,1,57,230,
2020-03-15,Molise,3,4,10,17,,,17,248,
2020-03-15,Basilicata,,2,9,11,,,11,208,
2020-03-15,ITALY,9663,1672,9268,20603,2335,1809,24747,124899,http://www.salute.gov.it/imgs/C_17_pagineAree_5351_14_file.pdf
2020-03-16,Lombardia,6171,823,3867,10861,2368,1420,14649,43565,
2020-03-16,Emilia Romagna,1362,197,1529,3088,88,346,3522,13096,
2020-03-16,Veneto,498,156,1620,2274,130,69,2473,35052,
2020-03-16,Marche,528,110,547,1185,,57,1242,3225,
2020-03-16,Piemonte,1045,186,174,1405,,111,1516,5588,
2020-03-16,Toscana,175,107,559,841,11,14,866,5910,
2020-03-16,Liguria,255,73,247,575,42,50,667,2189,
2020-03-16,Lazio,267,31,174,472,32,19,523,9330,
2020-03-16,Campania,103,22,238,363,28,9,400,2517,
2020-03-16,Friuli V.G.,96,19,231,346,18,22,386,4851,
2020-03-16,Trento,73,19,275,367,5,6,378,1006,
2020-03-16,Bolzano,53,11,171,235,,6,241,1740,
2020-03-16,Puglia,116,6,90,212,2,16,230,2017,
2020-03-16,Sicilia,75,20,108,203,8,2,213,2653,
2020-03-16,Umbria,30,15,114,159,4,1,164,1093,
2020-03-16,Abruzzo,71,37,57,165,7,4,176,1533,
2020-03-16,Calabria,36,7,44,87,1,1,89,1030,
2020-03-16,Sardegna,39,,66,105,,2,107,797,
2020-03-16,Valle d'Aosta,28,5,70,103,,2,105,287,
2020-03-16,Molise,3,5,7,15,5,1,21,253,
2020-03-16,Basilicata,1,2,9,12,,,12,230,
2020-03-16,ITALY,11025,1851,10197,23073,2749,2158,27980,137962,http://www.salute.gov.it/imgs/C_17_pagineAree_5351_16_file.pdf
2020-03-17,Lombardia,6953,879,4263,12095,2485,1640,16220,46449,
2020-03-17,Emilia Romagna,1566,223,1615,3404,134,393,3931,14510,
2020-03-17,Veneto,548,171,1769,2488,136,80,2704,35478,
2020-03-17,Piemonte,1378,206,180,1764,,133,1897,6543,
2020-03-17,Marche,599,109,594,1302,,69,1371,3225,
2020-03-17,Toscana,329,143,552,1024,12,17,1053,6727,
2020-03-17,Liguria,299,85,277,661,57,60,778,2509,
2020-03-17,Lazio,314,44,192,550,34,23,607,9436,
2020-03-17,Campania,127,24,272,423,28,9,460,2685,
2020-03-17,Friuli V.G.,104,21,222,347,17,30,394,4958,
2020-03-17,Trento,107,22,239,368,10,7,385,1727,
2020-03-17,Bolzano,71,11,200,282,1,8,291,2149,
2020-03-17,Puglia,155,14,151,320,2,18,340,3077,
2020-03-17,Sicilia,86,28,112,226,8,3,237,2916,
2020-03-17,Abruzzo,94,32,90,216,7,6,229,1688,
2020-03-17,Umbria,36,21,135,192,4,1,197,1323,
2020-03-17,Valle d'Aosta,35,6,93,134,,2,136,398,
2020-03-17,Sardegna,36,4,75,115,,2,117,1003,
2020-03-17,Calabria,45,10,57,112,1,1,114,1293,
2020-03-17,Molise,7,5,7,19,5,1,25,301,
2020-03-17,Basilicata,5,2,13,20,,,20,262,
2020-03-17,ITALY,12894,2060,11108,26062,2941,2503,31506,148657,http://www.salute.gov.it/imgs/C_17_pagineAree_5351_18_file.pdf
2020-03-18,Lombardia,7285,924,4057,12266,3488,1959,17713,48983,
2020-03-18,Emilia Romagna,1784,247,1884,3915,152,458,4525,15461,
2020-03-18,Veneto,646,195,2112,2953,167,94,3214,40841,
2020-03-18,Piemonte,1780,227,180,2187,,154,2341,7516,
2020-03-18,Marche,638,119,719,1476,,92,1568,4109,
2020-03-18,Toscana,427,160,704,1291,17,22,1330,7606,
2020-03-18,Liguria,401,100,243,744,70,73,887,2912,
2020-03-18,Lazio,374,44,232,650,42,32,724,11145,
2020-03-18,Campania,127,24,272,423,28,9,460,2685,
2020-03-18,Friuli V.G.,128,27,261,416,15,31,462,4958,
2020-03-18,Trento,141,22,273,436,12,7,455,2187,
2020-03-18,Bolzano,79,18,269,366,1,9,376,2844,
2020-03-18,Puglia,156,30,176,362,2,19,383,3433,
2020-03-18,Sicilia,100,29,138,267,12,3,282,3294,
2020-03-18,Abruzzo,99,41,109,249,7,7,263,2054,
2020-03-18,Umbria,54,21,166,241,4,2,247,1601,
2020-03-18,Valle d'Aosta,41,3,118,162,,3,165,486,
2020-03-18,Sardegna,42,7,83,132,,2,134,1135,
2020-03-18,Calabria,45,11,70,126,2,1,129,1668,
2020-03-18,Molise,7,6,8,21,6,1,28,361,
2020-03-18,Basilicata,9,2,16,27,,,27,262,
2020-03-18,ITALY,14363,2257,12090,28710,4025,2978,35713,165541,http://www.salute.gov.it/imgs/C_17_pagineAree_5351_20_file.pdf
2020-03-19,Lombardia,7387,1006,5545,13938,3778,2168,19884,52244,
2020-03-19,Emilia Romagna,1900,260,2346,4506,177,531,5214,18344,
2020-03-19,Veneto,771,209,2189,3169,200,115,3484,44658,
2020-03-19,Piemonte,2279,257,218,2754,3,175,2932,8853,
2020-03-19,Marche,656,141,825,1622,,115,1737,4512,
2020-03-19,Toscana,501,178,743,1422,22,38,1482,8873,
2020-03-19,Liguria,491,112,280,883,85,91,1059,3348,
2020-03-19,Lazio,426,45,270,741,44,38,823,11145,
2020-03-19,Campania,213,36,356,605,30,17,652,3544,
2020-03-19,Friuli V.G.,134,29,359,522,41,36,599,4052,
2020-03-19,Trento,169,30,292,491,20,12,523,2203,
2020-03-19,Bolzano,87,18,316,421,1,14,436,3568,
2020-03-19,Puglia,173,31,245,449,4,25,478,4046,
2020-03-19,Sicilia,143,36,142,321,15,4,340,3961,
2020-03-19,Abruzzo,181,47,138,366,8,11,385,2409,
2020-03-19,Umbria,69,21,238,328,4,2,334,1954,
2020-03-19,Valle d'Aosta,47,9,153,209,,6,215,608,
2020-03-19,Sardegna,43,9,152,204,,2,206,1334,
2020-03-19,Calabria,60,13,91,164,2,3,169,2342,
2020-03-19,Molise,19,6,13,38,6,2,46,426,
2020-03-19,Basilicata,8,5,24,37,,,37,353,
2020-03-19,ITALY,15757,2498,14935,33190,4440,3405,41035,182777,http://www.salute.gov.it/imgs/C_17_pagineAree_5351_22_file.pdf
2020-03-20,Lombardia,7735,1050,6635,15420,4295,2549,22264,57174,
2020-03-20,Emilia Romagna,2083,267,2739,5089,239,640,5968,20753,
2020-03-20,Veneto,843,236,2598,3677,223,131,4031,49288,
2020-03-20,Piemonte,1541,280,1423,3244,8,209,3461,9975,
2020-03-20,Marche,704,138,1002,1844,,137,1981,5170,
2020-03-20,Toscana,601,189,923,1713,33,47,1793,10405,
2020-03-20,Liguria,573,121,307,1001,101,119,1221,3794,
2020-03-20,Lazio,537,47,328,912,53,43,1008,13889,
2020-03-20,Campania,130,41,531,702,30,17,749,3845,
2020-03-20,Friuli V.G.,143,32,380,555,63,38,656,4964,
2020-03-20,Trento,198,34,368,600,29,13,642,2656,
2020-03-20,Bolzano,99,24,407,530,1,17,548,4433,
2020-03-20,Puglia,191,31,329,551,4,26,581,4789,
2020-03-20,Sicilia,168,42,169,379,25,4,408,4468,
2020-03-20,Abruzzo,190,48,184,422,10,17,449,2695,
2020-03-20,Umbria,75,24,285,384,4,7,395,2303,
2020-03-20,Valle d'Aosta,54,9,194,257,,7,264,814,
2020-03-20,Sardegna,56,15,217,288,3,2,293,1912,
2020-03-20,Calabria,71,16,114,201,2,4,207,2690,
2020-03-20,Molise,20,6,13,39,6,5,50,426,
2020-03-20,Basilicata,8,5,39,52,,,52,443,
2020-03-20,ITALY,16020,2655,19185,37860,5129,4032,47021,206886,http://www.salute.gov.it/imgs/C_17_pagineAree_5351_24_file.pdf
2020-03-21,Lombardia,8258,1093,8019,17370,5050,3095,25515,66730,
2020-03-21,Emilia Romagna,2267,265,3129,5661,329,715,6705,24620,
2020-03-21,Veneto,942,249,3023,4214,257,146,4617,53642,
2020-03-21,Piemonte,1976,301,1229,3506,8,238,3752,10701,
2020-03-21,Marche,742,141,1114,1997,2,154,2153,5740,
2020-03-21,Toscana,664,202,1039,1905,35,72,2012,11909,
2020-03-21,Liguria,598,129,432,1159,125,152,1436,4304,
2020-03-21,Lazio,591,70,425,1086,54,50,1190,13889,
2020-03-21,Campania,233,87,473,793,29,22,844,4448,
2020-03-21,Friuli V.G.,152,37,477,666,82,42,790,5955,
2020-03-21,Trento,233,39,448,720,34,28,782,2656,
2020-03-21,Bolzano,127,30,443,600,1,20,621,5179,
2020-03-21,Puglia,209,33,400,642,4,29,675,5617,
2020-03-21,Sicilia,206,48,204,458,26,6,490,4883,
2020-03-21,Abruzzo,185,44,265,494,13,22,529,3035,
2020-03-21,Umbria,92,29,326,447,5,10,462,2712,
2020-03-21,Valle d'Aosta,62,15,227,304,1,8,313,884,
2020-03-21,Sardegna,65,16,240,321,5,4,330,2297,
2020-03-21,Calabria,73,16,136,225,5,5,235,3050,
2020-03-21,Molise,21,6,20,47,7,7,61,449,
2020-03-21,Basilicata,12,7,47,66,,,66,522,
2020-03-21,ITALY,17708,2857,22116,42681,6072,4825,53578,233222,http://www.salute.gov.it/imgs/C_17_pagineAree_5351_26_file.pdf
2020-03-22,Lombardia,9439,1142,7304,17885,5865,3456,27206,70598,
2020-03-22,Emilia Romagna,2429,269,3692,6390,349,816,7555,28022,
2020-03-22,Veneto,1113,255,3276,4644,309,169,5122,57671,
2020-03-22,Piemonte,2118,308,1701,4127,10,283,4420,12701,
2020-03-22,Marche,816,138,1277,2231,6,184,2421,6391,
2020-03-22,Toscana,706,215,1223,2144,42,91,2277,13264,
2020-03-22,Liguria,736,132,483,1351,143,171,1665,4995,
2020-03-22,Lazio,671,79,522,1272,58,53,1383,17845,
2020-03-22,Campania,243,99,524,866,41,29,936,4943,
2020-03-22,Friuli V.G.,163,47,528,738,89,47,874,6761,
2020-03-22,Trento,235,46,604,885,34,35,954,3050,
2020-03-22,Bolzano,146,32,470,648,7,23,678,5718,
2020-03-22,Puglia,252,37,459,748,7,31,786,6160,
2020-03-22,Sicilia,220,55,321,596,26,8,630,5580,
2020-03-22,Abruzzo,218,49,272,539,15,33,587,3375,
2020-03-22,Umbria,97,35,368,500,5,16,521,3135,
2020-03-22,Valle d'Aosta,63,21,270,354,1,9,364,950,
2020-03-22,Sardegna,67,16,244,327,5,7,339,2402,
2020-03-22,Calabria,77,17,166,260,5,8,273,3666,
2020-03-22,Basilicata,13,10,58,81,,,81,643,
2020-03-22,Molise,24,7,21,52,7,7,66,532,
2020-03-22,ITALY,19846,3009,23783,46638,7024,5476,59138,258402,http://www.salute.gov.it/imgs/C_17_pagineAree_5351_28_file.pdf
2020-03-23,Lombardia,9266,1183,8461,18910,6075,3776,28761,73242,
2020-03-23,Emilia Romagna,2846,276,4098,7220,423,892,8535,31200,
2020-03-23,Veneto,1206,281,3499,4986,327,192,5505,61115,
2020-03-23,Piemonte,2194,343,1992,4529,17,315,4861,13560,
2020-03-23,Marche,882,148,1328,2358,8,203,2569,6782,
2020-03-23,Toscana,838,238,1225,2301,51,109,2461,13851,
2020-03-23,Liguria,761,133,659,1553,159,212,1924,5538,
2020-03-23,Lazio,718,96,600,1414,63,63,1540,18371,
2020-03-23,Campania,266,110,553,929,48,49,1026,5813,
2020-03-23,Friuli V.G.,185,41,545,771,105,54,930,7424,
2020-03-23,Trento,249,46,619,914,68,41,1023,3150,
2020-03-23,Bolzano,145,33,510,688,7,29,724,6084,
2020-03-23,Puglia,285,45,532,862,7,37,906,6761,
2020-03-23,Sicilia,250,60,371,681,27,13,721,6375,
2020-03-23,Abruzzo,228,52,325,605,20,38,663,3674,
2020-03-23,Umbria,106,42,408,556,5,16,577,3561,
2020-03-23,Valle d'Aosta,69,20,290,379,2,12,393,1098,
2020-03-23,Sardegna,76,18,249,343,5,11,359,2568,
2020-03-23,Calabria,82,20,178,280,5,7,292,4073,
2020-03-23,Basilicata,15,12,62,89,,1,90,696,
2020-03-23,Molise,25,7,18,50,10,7,67,532,
2020-03-23,ITALY,20692,3204,26522,50418,7432,6077,63927,275468,http://www.salute.gov.it/imgs/C_17_pagineAree_5351_30_file.pdf
2020-03-24,Lombardia,9711,1194,8963,19868,6657,4178,30703,76695,
2020-03-24,Emilia Romagna,2974,291,4446,7711,558,985,9254,33527,
2020-03-24,Veneto,1318,304,3729,5351,381,216,5948,66178,
2020-03-24,Piemonte,2404,360,2360,5124,17,374,5515,15469,
2020-03-24,Marche,862,149,1486,2497,8,231,2736,7229,
2020-03-24,Toscana,918,244,1357,2519,51,129,2699,15701,
2020-03-24,Liguria,803,147,742,1692,193,231,2116,5992,
2020-03-24,Lazio,747,94,704,1545,103,80,1728,18371,
2020-03-24,Campania,345,181,466,992,53,56,1101,6297,
2020-03-24,Trento,308,49,618,975,79,56,1110,3712,
2020-03-24,Puglia,317,57,566,940,21,44,1005,7345,
2020-03-24,Friuli V.G.,195,49,604,848,80,64,992,8526,
2020-03-24,Bolzano,166,38,495,699,44,38,781,6509,
2020-03-24,Sicilia,250,60,489,799,27,20,846,7170,
2020-03-24,Abruzzo,234,57,331,622,21,46,689,4294,
2020-03-24,Umbria,105,43,476,624,5,19,648,4108,
2020-03-24,Valle d'Aosta,71,20,288,379,2,19,400,1180,
2020-03-24,Sardegna,80,19,296,395,11,15,421,2859,
2020-03-24,Calabria,88,21,195,304,5,10,319,4486,
2020-03-24,Basilicata,14,12,65,91,,1,92,744,
2020-03-24,Molise,27,7,21,55,10,8,73,572,
2020-03-24,ITALY,21937,3396,28697,54030,8326,6820,69176,296964,http://www.salute.gov.it/imgs/C_17_pagineAree_5351_32_file.pdf
2020-03-25,Lombardia,10026,1236,9329,20591,7281,4474,32346,81666,
2020-03-25,Emilia Romagna,3180,294,4782,8256,721,1077,10054,38045,
2020-03-25,Veneto,1407,316,4022,5745,439,258,6442,70877,
2020-03-25,Piemonte,2544,381,2631,5556,19,449,6024,16655,
2020-03-25,Marche,938,148,1553,2639,8,287,2934,7896,
2020-03-25,Toscana,999,251,1526,2776,54,142,2972,17868,
2020-03-25,Liguria,927,147,752,1826,225,254,2305,6602,
2020-03-25,Lazio,805,101,769,1675,131,95,1901,20669,
2020-03-25,Campania,318,123,631,1072,53,74,1199,6972,
2020-03-25,Trento,308,65,685,1058,90,74,1222,4114,
2020-03-25,Puglia,349,64,610,1023,22,48,1093,8223,
2020-03-25,Friuli V.G.,200,52,659,911,158,70,1139,9494,
2020-03-25,Bolzano,190,40,518,748,67,43,858,6649,
2020-03-25,Sicilia,259,80,597,936,33,25,994,8312,
2020-03-25,Abruzzo,248,59,431,738,23,52,813,4982,
2020-03-25,Umbria,123,44,519,686,5,19,710,4707,
2020-03-25,Valle d'Aosta,70,25,280,375,2,24,401,1200,
2020-03-25,Sardegna,82,19,311,412,12,18,442,3019,
2020-03-25,Calabria,93,23,217,333,7,11,351,5058,
2020-03-25,Basilicata,20,14,78,112,,1,113,857,
2020-03-25,Molise,26,7,20,53,12,8,73,580,
2020-03-25,ITALY,23112,3489,30920,57521,9362,7503,74386,324445,http://www.salute.gov.it/imgs/C_17_pagineAree_5351_34_file.pdf
2020-03-26,Lombardia,10681,1263,10245,22189,7839,4861,34889,87713,
2020-03-26,Emilia Romagna,3354,301,5195,8850,792,1174,10816,42395,
2020-03-26,Veneto,1447,326,4367,6140,508,287,6935,79759,
2020-03-26,Piemonte,2633,408,2909,5950,135,449,6534,18054,
2020-03-26,Marche,977,166,1652,2795,9,310,3114,8623,
2020-03-26,Toscana,1037,259,1677,2973,95,158,3226,20952,
2020-03-26,Liguria,998,154,875,2027,260,280,2567,7304,
2020-03-26,Lazio,878,113,844,1835,155,106,2096,22771,
2020-03-26,Campania,448,114,607,1169,58,83,1310,8346,
2020-03-26,Trento,300,66,728,1094,117,86,1297,4600,
2020-03-26,Puglia,480,76,539,1095,22,65,1182,9191,
2020-03-26,Friuli V.G.,212,54,688,954,197,72,1223,10721,
2020-03-26,Sicilia,346,68,681,1095,36,33,1164,9658,
2020-03-26,Abruzzo,280,64,516,860,23,63,946,5488,
2020-03-26,Bolzano,223,43,525,791,67,48,906,7744,
2020-03-26,Umbria,144,46,580,770,12,20,802,5428,
2020-03-26,Valle d'Aosta,73,24,281,378,2,28,408,1203,
2020-03-26,Sardegna,92,20,350,462,13,19,494,3461,
2020-03-26,Calabria,101,23,248,372,7,14,393,5933,
2020-03-26,Basilicata,22,16,95,133,,1,134,1046,
2020-03-26,Molise,27,8,46,81,14,8,103,670,
2020-03-26,ITALY,24753,3612,33648,62013,10361,8165,80539,361060,http://www.salute.gov.it/imgs/C_17_pagineAree_5351_36_file.pdf
2020-03-27,Lombardia,11137,1292,11466,23895,8001,5402,37298,95860,
2020-03-27,Emilia Romagna,3461,308,5592,9361,960,1267,11588,47798,
2020-03-27,Veneto,1536,338,4774,6648,536,313,7497,83627,
2020-03-27,Piemonte,2852,431,3064,6347,176,569,7092,19705,
2020-03-27,Marche,979,162,1709,2850,10,336,3196,9060,
2020-03-27,Toscana,1053,274,1843,3170,103,177,3450,23746,
2020-03-27,Liguria,1023,157,880,2060,305,331,2696,7804,
2020-03-27,Lazio,992,126,895,2013,164,118,2295,24106,
2020-03-27,Campania,456,113,723,1292,64,98,1454,9613,
2020-03-27,Trento,341,66,757,1164,125,102,1391,4923,
2020-03-27,Puglia,530,82,624,1236,29,69,1334,10233,
2020-03-27,Friuli V.G.,222,57,748,1027,214,76,1317,11841,
2020-03-27,Sicilia,425,75,658,1158,53,39,1250,11079,
2020-03-27,Abruzzo,289,71,565,925,24,68,1017,6109,
2020-03-27,Bolzano,249,45,539,833,110,60,1003,8520,
2020-03-27,Umbria,149,46,629,824,39,21,884,6137,
2020-03-27,Valle d'Aosta,91,24,298,413,2,37,452,1252,
2020-03-27,Sardegna,93,19,384,496,13,21,530,3801,
2020-03-27,Calabria,103,22,344,469,7,18,494,6901,
2020-03-27,Basilicata,22,15,110,147,1,3,151,1254,
2020-03-27,Molise,26,9,51,86,14,9,109,710,
2020-03-27,ITALY,26029,3732,36653,66414,10950,9134,86498,394079,http://www.salute.gov.it/imgs/C_17_notizie_4337_0_file.pdf
2020-03-28,Lombardia,11152,1319,12038,24509,8962,5944,39415,102503,
2020-03-28,Emilia Romagna,3695,316,5953,9964,1075,1344,12383,52991,
2020-03-28,Veneto,1559,344,5010,6913,655,362,7930,89380,
2020-03-28,Piemonte,3094,439,3318,6851,203,617,7671,21511,
2020-03-28,Marche,987,166,1846,2999,10,364,3373,9884,
2020-03-28,Toscana,1093,277,2141,3511,108,198,3817,25613,
2020-03-28,Liguria,1031,167,888,2086,378,358,2822,8177,
2020-03-28,Lazio,985,133,1063,2181,200,124,2505,27179,
2020-03-28,Campania,463,132,812,1407,76,109,1592,10616,
2020-03-28,Trento,351,72,811,1234,151,120,1505,5561,
2020-03-28,Puglia,563,98,697,1358,29,71,1458,11500,
2020-03-28,Friuli V.G.,223,59,838,1120,229,87,1436,12723,
2020-03-28,Sicilia,441,71,730,1242,60,57,1359,13096,
2020-03-28,Abruzzo,311,70,646,1027,30,76,1133,7003,
2020-03-28,Bolzano,225,51,653,929,116,64,1109,9168,
2020-03-28,Umbria,159,44,695,898,43,28,969,7028,
2020-03-28,Valle d'Aosta,90,26,352,468,2,41,511,1380,
2020-03-28,Sardegna,95,22,452,569,29,26,624,4225,
2020-03-28,Calabria,107,22,394,523,11,21,555,7760,
2020-03-28,Basilicata,26,19,133,178,1,3,182,1421,
2020-03-28,Molise,26,9,63,98,16,9,123,807,
2020-03-28,ITALY,26676,3856,39533,70065,12384,10023,92472,429526,http://www.salute.gov.it/imgs/C_17_pagineAree_5351_38_file.pdf
2020-03-29,Lombardia,11613,1328,12451,25392,9255,6360,41007,107398,
2020-03-29,Emilia Romagna,3769,333,6433,10535,1141,1443,13119,52991,
2020-03-29,Veneto,1586,355,5310,7251,715,392,8358,94784,
2020-03-29,Piemonte,2985,443,3840,7268,254,684,8206,24058,
2020-03-29,Toscana,1111,275,2400,3786,121,215,4122,27579,
2020-03-29,Marche,1000,168,1992,3160,12,386,3558,10431,
2020-03-29,Liguria,1077,166,1036,2279,420,377,3076,9100,
2020-03-29,Lazio,1062,133,1167,2362,208,136,2706,27744,
2020-03-29,Campania,476,135,945,1556,86,117,1759,11805,
2020-03-29,Trento,356,75,862,1293,172,129,1594,5950,
2020-03-29,Puglia,559,99,774,1432,31,86,1549,12361,
2020-03-29,Friuli VG,236,60,845,1141,241,98,1480,13397,
2020-03-29,Sicilia,451,71,808,1330,65,65,1460,13814,
2020-03-29,Abruzzo,329,68,772,1169,36,88,1293,7730,
2020-03-29,Bolzano,234,56,744,1034,116,64,1214,10137,
2020-03-29,Umbria,166,46,685,897,95,31,1023,7685,
2020-03-29,Sardegna,105,23,454,582,29,27,638,4598,
2020-03-29,Calabria,124,19,434,577,12,25,614,8485,
2020-03-29,Valle d'Aosta,90,26,423,539,2,43,584,1480,
2020-03-29,Basilicata,32,18,147,197,1,4,202,1585,
2020-03-29,Molise,25,9,66,100,18,9,127,918,
2020-03-29,ITALY,27386,3906,42588,73880,13030,10779,97689,454030,http://www.salute.gov.it/imgs/C_17_pagineAree_5351_40_file.pdf
2020-03-30,Lombardia,11815,1330,11861,25006,10337,6818,42161,111057,
2020-03-30,Emilia Romagna,3779,351,6636,10766,1227,1538,13531,50990,
2020-03-30,Veneto,1633,356,5575,7564,747,413,8724,99941,
2020-03-30,Piemonte,2985,452,4218,7655,308,749,8712,25478,
2020-03-30,Toscana,1116,279,2655,4050,131,231,4412,30099,
2020-03-30,Marche,998,167,2086,3251,16,417,3684,10979,
2020-03-30,Liguria,1142,175,1066,2383,437,397,3217,9677,
2020-03-30,Lazio,1079,154,1264,2497,267,150,2914,32846,
2020-03-30,Campania,468,126,1145,1739,88,125,1952,12969,
2020-03-30,Trento,353,78,926,1357,178,147,1682,6377,
2020-03-30,Puglia,590,106,889,1585,36,91,1712,13117,
2020-03-30,Friuli VG,229,60,820,1109,285,107,1501,14003,
2020-03-30,Sicilia,484,75,849,1408,71,76,1555,14758,
2020-03-30,Abruzzo,322,69,778,1169,74,102,1345,7948,
2020-03-30,Bolzano,231,62,805,1098,153,74,1325,10640,
2020-03-30,Umbria,173,47,614,834,184,33,1051,8150,
2020-03-30,Sardegna,113,24,485,622,32,28,682,4993,
2020-03-30,Calabria,130,18,454,602,14,31,647,9013,
2020-03-30,Valle d'Aosta,92,26,400,518,16,50,584,1536,
2020-03-30,Basilicata,36,18,154,208,1,5,214,1833,
2020-03-30,Molise,27,8,72,107,18,9,134,955,
2020-03-30,ITALY,27795,3981,43752,75528,1462,11591,101739,477359,http://www.salute.gov.it/imgs/C_17_notizie_4362_0_file.pdf
2020-03-31,Lombardia,11883,1324,11917,25124,10885,7199,43208,114.64,
2020-03-31,Emilia Romagna,3765,353,6835,10953,1477,1644,14074,54.532,
2020-03-31,Veneto,1680,356,5814,7850,828,477,9155,106.238,
2020-03-31,Piemonte,3174,452,4456,8082,365,854,9301,27.658,
2020-03-31,Toscana,1120,293,2813,4226,138,244,4608,33.165,
2020-03-31,Marche,946,169,2237,3352,21,452,3825,11.724,
2020-03-31,Liguria,1153,179,1176,2508,480,428,3416,10.376,
2020-03-31,Lazio,1127,173,1342,2642,291,162,3095,34.677,
2020-03-31,Campania,501,133,1237,1871,88,133,2092,14.403,
2020-03-31,Trento,354,80,955,1389,193,164,1746,6.973,
2020-03-31,Puglia,609,105,940,1654,39,110,1803,14.073,
2020-03-31,Friuli V.G.,215,60,885,1160,320,113,1593,14.899,
2020-03-31,Sicilia,503,72,917,1492,74,81,1647,15.634,
2020-03-31,Abruzzo,335,73,783,1191,95,115,1401,8.758,
2020-03-31,Bolzano,249,62,831,1142,153,76,1371,11.275,
2020-03-31,Umbria,176,43,632,851,190,37,1078,8.685,
2020-03-31,Sardegna,113,28,516,657,34,31,722,5.257,
2020-03-31,Calabria,132,17,457,606,17,36,659,9.327,
2020-03-31,Valle d'Aosta,91,26,435,552,20,56,628,1.582,
2020-03-31,Basilicata,37,17,162,216,3,7,226,2.043,
2020-03-31,Molise,29,8,80,117,18,9,144,1.049,
2020-03-31,ITALY,28192,4023,45420,77635,15729,12428,105792,506.968,http://www.salute.gov.it/imgs/C_17_notizie_4370_0_file.pdf
2020-04-01,Lombardia,11927,1342,12496,25765,11415,7593,44773,121449,
2020-04-01,Emilia Romagna,3898,359,7232,11489,1566,1732,14787,58457,
2020-04-01,Veneto,1718,350,6156,8224,902,499,9625,112746,
2020-04-01,Piemonte,3146,453,4871,8470,439,886,9795,30060,
2020-04-01,Toscana,1120,297,3015,4432,182,253,4867,36575,
2020-04-01,Marche,984,168,2304,3456,29,477,3962,12296,
2020-04-01,Liguria,1114,179,1352,2645,555,460,3660,11334,
2020-04-01,Lazio,1131,177,1450,2758,337,169,3264,35810,
2020-04-01,Campania,478,129,1369,1976,107,148,2231,15728,
2020-04-01,Trento,345,76,1062,1483,214,173,1870,7675,
2020-04-01,Puglia,637,107,1012,1756,61,129,1946,15209,
2020-04-01,Friuli V.G.,206,60,940,1206,357,122,1685,15987,
2020-04-01,Sicilia,496,72,976,1544,86,88,1718,16836,
2020-04-01,Abruzzo,342,71,798,1211,102,123,1436,9610,
2020-04-01,Bolzano,269,57,786,1112,190,116,1418,11951,
2020-04-01,Umbria,173,45,646,864,194,37,1095,9080,
2020-04-01,Sardegna,119,27,529,675,36,34,745,5501,
2020-04-01,Calabria,144,16,450,610,21,38,669,9983,
2020-04-01,Valle d'Aosta,85,27,428,540,32,59,631,1717,
2020-04-01,Basilicata,39,15,171,225,3,9,237,2262,
2020-04-01,Molise,32,8,91,131,19,10,160,1157,
2020-04-01,ITALY,28403,4035,48134,80572,16847,13155,110574,541423,http://www.salute.gov.it/imgs/C_17_pagineAree_5351_42_file.pdf
2020-04-02,Lombardia,11762,1351,12763,25876,12229,7960,46065,128286,
2020-04-02,Emilia Romagna,3944,366,7549,11859,1663,1811,15333,60507,
2020-04-02,Veneto,1670,345,6563,8578,1001,532,10111,120320,
2020-04-02,Piemonte,3341,453,5005,8799,571,983,10353,32100,
2020-04-02,Toscana,1135,295,3359,4789,216,268,5273,40724,
2020-04-02,Marche,986,164,2405,3555,40,503,4098,12943,
2020-04-02,Liguria,1120,172,1368,2660,634,488,3782,12069,
2020-04-02,Lazio,1169,181,1529,2879,369,185,3433,41575,
2020-04-02,Campania,503,120,1517,2140,149,167,2456,17404,
2020-04-02,Trento,339,78,1170,1587,229,187,2003,8496,
2020-04-02,Puglia,645,118,1101,1864,69,144,2077,16554,
2020-04-02,Friuli V.G.,199,60,1035,1294,376,129,1799,17121,
2020-04-02,Sicilia,503,73,1030,1606,92,93,1791,17833,
2020-04-02,Abruzzo,341,75,835,1251,113,133,1497,10647,
2020-04-02,Bolzano,279,60,821,1160,190,129,1479,12677,
2020-04-02,Umbria,171,47,667,885,205,38,1128,9737,
2020-04-02,Sardegna,117,24,577,718,36,40,794,5970,
2020-04-02,Calabria,163,19,445,627,23,41,691,10679,
2020-04-02,Valle d'Aosta,85,25,446,556,49,63,668,1934,
2020-04-02,Basilicata,38,19,176,233,3,10,246,2427,
2020-04-02,Molise,30,8,95,133,21,11,165,1229,
2020-04-02,ITALY,28540,4053,50456,83049,18278,13915,115242,581232,http://www.salute.gov.it/imgs/C_17_notizie_4386_0_file.pdf
